{"cameraMode":{"drawMode":0,"name":"Shaded","section":"Shading Mode"},"sceneLighting":false,"audioPlay":false,"sceneViewState":{"showFog":true,"showMaterialUpdate":false,"showSkybox":false,"showFlares":true,"showImageEffects":true,"showParticleSystems":true},"in2DMode":false,"pivot":{"x":-0.42063260078430178,"y":0.004659771919250488,"z":1.4317424297332764},"rotation":{"x":-0.1764015108346939,"y":0.6102753281593323,"z":-0.14180414378643037,"w":-0.7591701745986939},"size":0.8660253882408142,"orthographic":false}