{"cameraMode":{"drawMode":0,"name":"Shaded","section":"Shading Mode"},"sceneLighting":false,"audioPlay":false,"sceneViewState":{"showFog":true,"showMaterialUpdate":true,"showSkybox":false,"showFlares":true,"showImageEffects":true,"showParticleSystems":true},"in2DMode":false,"pivot":{"x":-0.04150390625,"y":6.91374397277832,"z":4.56762170791626},"rotation":{"x":0.0715402364730835,"y":-0.6194790601730347,"z":0.056841060519218448,"w":0.7796773314476013},"size":1.7693004608154297,"orthographic":true}