{"cameraMode":{"drawMode":0,"name":"Shaded","section":"Shading Mode"},"sceneLighting":false,"audioPlay":false,"sceneViewState":{"showFog":true,"showMaterialUpdate":false,"showSkybox":false,"showFlares":true,"showImageEffects":true,"showParticleSystems":true},"in2DMode":false,"pivot":{"x":0.0,"y":0.9000001549720764,"z":-0.04999998211860657},"rotation":{"x":-0.000583588145673275,"y":-0.9994062185287476,"z":0.021590348333120347,"w":-0.02699151635169983},"size":1.6121224164962769,"orthographic":true}