{"cameraMode":{"drawMode":0,"name":"Shaded","section":"Shading Mode"},"sceneLighting":false,"audioPlay":false,"sceneViewState":{"showFog":true,"showMaterialUpdate":true,"showSkybox":false,"showFlares":true,"showImageEffects":true,"showParticleSystems":true},"in2DMode":false,"pivot":{"x":9.569967269897461,"y":7.673768997192383,"z":20.908376693725587},"rotation":{"x":0.05528584495186806,"y":-0.7307700514793396,"z":0.05962078273296356,"w":0.6777821183204651},"size":2.889397621154785,"orthographic":true}