{"cameraMode":{"drawMode":0,"name":"Shaded","section":"Shading Mode"},"sceneLighting":false,"audioPlay":false,"sceneViewState":{"showFog":true,"showMaterialUpdate":true,"showSkybox":false,"showFlares":true,"showImageEffects":true,"showParticleSystems":true},"in2DMode":false,"pivot":{"x":6.700000286102295,"y":1.8000000715255738,"z":0.050000011920928958},"rotation":{"x":-0.031076807528734208,"y":-0.8742704391479492,"z":0.05646875128149986,"w":-0.48114311695098879},"size":1.1672618389129639,"orthographic":true}