{"cameraMode":{"drawMode":0,"name":"Shaded","section":"Shading Mode"},"sceneLighting":false,"audioPlay":false,"sceneViewState":{"showFog":true,"showMaterialUpdate":true,"showSkybox":false,"showFlares":true,"showImageEffects":true,"showParticleSystems":true},"in2DMode":false,"pivot":{"x":-0.043301284313201907,"y":0.0,"z":-0.02499997615814209},"rotation":{"x":0.07627497613430023,"y":-0.6507003307342529,"z":0.06594439595937729,"w":0.7526198029518127},"size":2.1684441566467287,"orthographic":true}