{"cameraMode":{"drawMode":0,"name":"Shaded","section":"Shading Mode"},"sceneLighting":true,"audioPlay":false,"sceneViewState":{"showFog":true,"showMaterialUpdate":true,"showSkybox":true,"showFlares":true,"showImageEffects":true,"showParticleSystems":true},"in2DMode":false,"pivot":{"x":14.789159774780274,"y":9.251717567443848,"z":13.214693069458008},"rotation":{"x":0.1339222937822342,"y":-0.5425060391426086,"z":0.0881076380610466,"w":0.8246221542358398},"size":13.143531799316407,"orthographic":true}