{"cameraMode":{"drawMode":0,"name":"Shaded","section":"Shading Mode"},"sceneLighting":false,"audioPlay":false,"sceneViewState":{"showFog":true,"showMaterialUpdate":true,"showSkybox":false,"showFlares":true,"showImageEffects":true,"showParticleSystems":true},"in2DMode":false,"pivot":{"x":0.0,"y":-1.2000000476837159,"z":0.10000002384185791},"rotation":{"x":0.048427764326334,"y":-0.866127073764801,"z":0.08559028804302216,"w":0.4900610148906708},"size":1.5131542682647706,"orthographic":true}