{"cameraMode":{"drawMode":0,"name":"Shaded","section":"Shading Mode"},"sceneLighting":false,"audioPlay":false,"sceneViewState":{"showFog":true,"showMaterialUpdate":true,"showSkybox":false,"showFlares":true,"showImageEffects":true,"showParticleSystems":true},"in2DMode":false,"pivot":{"x":19.026500701904298,"y":17.26784896850586,"z":2.944753646850586},"rotation":{"x":0.18928633630275727,"y":0.025627268478274347,"z":-0.0049399882555007938,"w":0.9815815091133118},"size":12.822223663330079,"orthographic":true}