{"cameraMode":{"drawMode":0,"name":"Shaded","section":"Shading Mode"},"sceneLighting":false,"audioPlay":false,"sceneViewState":{"showFog":true,"showMaterialUpdate":true,"showSkybox":false,"showFlares":true,"showImageEffects":true,"showParticleSystems":true},"in2DMode":false,"pivot":{"x":0.15000002086162568,"y":0.8500000238418579,"z":-0.30000001192092898},"rotation":{"x":-0.013864588923752308,"y":0.6618958115577698,"z":-0.012246928177773953,"w":-0.7493780255317688},"size":1.1022703647613526,"orthographic":true}