{"cameraMode":{"drawMode":0,"name":"Shaded","section":"Shading Mode"},"sceneLighting":false,"audioPlay":false,"sceneViewState":{"showFog":true,"showMaterialUpdate":false,"showSkybox":false,"showFlares":true,"showImageEffects":true,"showParticleSystems":true},"in2DMode":false,"pivot":{"x":0.213623046875,"y":0.1140594482421875,"z":8.502117156982422},"rotation":{"x":0.16260145604610444,"y":-0.6739276647567749,"z":0.15574519336223603,"w":0.7036770582199097},"size":5.2809600830078129,"orthographic":true}