{"cameraMode":{"drawMode":0,"name":"Shaded","section":"Shading Mode"},"sceneLighting":false,"audioPlay":false,"sceneViewState":{"showFog":true,"showMaterialUpdate":false,"showSkybox":false,"showFlares":true,"showImageEffects":true,"showParticleSystems":true},"in2DMode":false,"pivot":{"x":0.235740527510643,"y":-0.07742606848478317,"z":2.858778953552246},"rotation":{"x":0.2071271687746048,"y":-0.6269262433052063,"z":0.1779811829328537,"w":0.7296707630157471},"size":2.7420144081115724,"orthographic":true}