{"cameraMode":{"drawMode":0,"name":"Shaded","section":"Shading Mode"},"sceneLighting":false,"audioPlay":false,"sceneViewState":{"showFog":true,"showMaterialUpdate":false,"showSkybox":false,"showFlares":true,"showImageEffects":true,"showParticleSystems":true},"in2DMode":false,"pivot":{"x":0.009999999776482582,"y":-0.17000000178813935,"z":-0.5199999809265137},"rotation":{"x":0.15644091367721559,"y":-0.6016749739646912,"z":0.12167146801948548,"w":0.7738063931465149},"size":0.00001732736564008519,"orthographic":true}