{"cameraMode":{"drawMode":0,"name":"Shaded","section":"Shading Mode"},"sceneLighting":false,"audioPlay":false,"sceneViewState":{"showFog":true,"showMaterialUpdate":false,"showSkybox":false,"showFlares":true,"showImageEffects":true,"showParticleSystems":true},"in2DMode":false,"pivot":{"x":0.018310606479644777,"y":-0.36198505759239199,"z":2.7321035861968996},"rotation":{"x":0.06803040951490402,"y":-0.6197342276573181,"z":0.054054468870162967,"w":0.7800005674362183},"size":3.044522285461426,"orthographic":true}