{"cameraMode":{"drawMode":0,"name":"Shaded","section":"Shading Mode"},"sceneLighting":false,"audioPlay":false,"sceneViewState":{"showFog":true,"showMaterialUpdate":true,"showSkybox":false,"showFlares":true,"showImageEffects":true,"showParticleSystems":true},"in2DMode":false,"pivot":{"x":-1.4566055536270142,"y":5.3773040771484379,"z":0.5826959609985352},"rotation":{"x":0.10717689990997315,"y":-0.6422587633132935,"z":0.09135954827070236,"w":0.7534484267234802},"size":8.158056259155274,"orthographic":true}