{"cameraMode":{"drawMode":0,"name":"Shaded","section":"Shading Mode"},"sceneLighting":false,"audioPlay":false,"sceneViewState":{"showFog":true,"showMaterialUpdate":false,"showSkybox":false,"showFlares":true,"showImageEffects":true,"showParticleSystems":true},"in2DMode":false,"pivot":{"x":-0.01519787311553955,"y":3.164315938949585,"z":13.769532203674317},"rotation":{"x":0.0031921197660267355,"y":-0.704976499080658,"z":0.0031717915553599598,"w":0.709218442440033},"size":2.640310049057007,"orthographic":true}