{"cameraMode":{"drawMode":0,"name":"Shaded","section":"Shading Mode"},"sceneLighting":false,"audioPlay":false,"sceneViewState":{"showFog":true,"showMaterialUpdate":true,"showSkybox":false,"showFlares":true,"showImageEffects":true,"showParticleSystems":true},"in2DMode":false,"pivot":{"x":0.8427835702896118,"y":0.2625533938407898,"z":-1.391873836517334},"rotation":{"x":0.0705178827047348,"y":-0.7077484130859375,"z":0.07136910408735275,"w":0.6993054747581482},"size":1.2485811710357667,"orthographic":true}