{"cameraMode":{"drawMode":0,"name":"Shaded","section":"Shading Mode"},"sceneLighting":false,"audioPlay":false,"sceneViewState":{"showFog":true,"showMaterialUpdate":false,"showSkybox":false,"showFlares":true,"showImageEffects":true,"showParticleSystems":true},"in2DMode":false,"pivot":{"x":-0.050000011920928958,"y":-1.25,"z":0.050000011920928958},"rotation":{"x":0.14265872538089753,"y":-0.6073690056800842,"z":0.11202920973300934,"w":0.7734431028366089},"size":2.617400884628296,"orthographic":true}