{"cameraMode":{"drawMode":0,"name":"Shaded","section":"Shading Mode"},"sceneLighting":false,"audioPlay":false,"sceneViewState":{"showFog":true,"showMaterialUpdate":false,"showSkybox":false,"showFlares":true,"showImageEffects":true,"showParticleSystems":true},"in2DMode":false,"pivot":{"x":-0.050000011920928958,"y":-1.25,"z":0.050000011920928958},"rotation":{"x":0.0856356993317604,"y":-0.5492839813232422,"z":0.056721754372119907,"w":0.8293086886405945},"size":1.299038052558899,"orthographic":false}