{"cameraMode":{"drawMode":0,"name":"Shaded","section":"Shading Mode"},"sceneLighting":false,"audioPlay":false,"sceneViewState":{"showFog":true,"showMaterialUpdate":false,"showSkybox":false,"showFlares":true,"showImageEffects":true,"showParticleSystems":true},"in2DMode":false,"pivot":{"x":-0.049999892711639407,"y":1.5,"z":0.7999992370605469},"rotation":{"x":0.051644206047058108,"y":-0.3351821005344391,"z":0.018555203452706338,"w":0.9406217336654663},"size":6.605474472045898,"orthographic":true}