{"cameraMode":{"drawMode":0,"name":"Shaded","section":"Shading Mode"},"sceneLighting":false,"audioPlay":false,"sceneViewState":{"showFog":true,"showMaterialUpdate":true,"showSkybox":false,"showFlares":true,"showImageEffects":true,"showParticleSystems":true},"in2DMode":false,"pivot":{"x":-0.10000038146972656,"y":6.600000381469727,"z":0.05000019073486328},"rotation":{"x":0.07727596908807755,"y":-0.6827796101570129,"z":0.07299230247735977,"w":0.722851037979126},"size":9.901137351989746,"orthographic":true}