{"cameraMode":{"drawMode":0,"name":"Shaded","section":"Shading Mode"},"sceneLighting":false,"audioPlay":false,"sceneViewState":{"showFog":true,"showMaterialUpdate":true,"showSkybox":false,"showFlares":true,"showImageEffects":true,"showParticleSystems":true},"in2DMode":false,"pivot":{"x":0.0,"y":8.300000190734864,"z":-12.899999618530274},"rotation":{"x":0.01308474875986576,"y":-0.6865589022636414,"z":0.01235944777727127,"w":0.726851761341095},"size":0.8660253882408142,"orthographic":true}