{"cameraMode":{"drawMode":0,"name":"Shaded","section":"Shading Mode"},"sceneLighting":false,"audioPlay":false,"sceneViewState":{"showFog":true,"showMaterialUpdate":true,"showSkybox":false,"showFlares":true,"showImageEffects":true,"showParticleSystems":true},"in2DMode":false,"pivot":{"x":6.700000286102295,"y":2.6000001430511476,"z":0.09999999403953552},"rotation":{"x":0.04131913557648659,"y":-0.9318072199821472,"z":0.11235649883747101,"w":0.3426688313484192},"size":1.9287302494049073,"orthographic":true}