{"cameraMode":{"drawMode":0,"name":"Shaded","section":"Shading Mode"},"sceneLighting":false,"audioPlay":false,"sceneViewState":{"showFog":true,"showMaterialUpdate":true,"showSkybox":false,"showFlares":true,"showImageEffects":true,"showParticleSystems":true},"in2DMode":false,"pivot":{"x":-0.04999983310699463,"y":1.5,"z":-0.05000007152557373},"rotation":{"x":0.07935415953397751,"y":0.5017659068107605,"z":-0.04629463329911232,"w":0.8601186871528626},"size":1.837117314338684,"orthographic":true}