{"cameraMode":{"drawMode":0,"name":"Shaded","section":"Shading Mode"},"sceneLighting":false,"audioPlay":false,"sceneViewState":{"showFog":true,"showMaterialUpdate":true,"showSkybox":false,"showFlares":true,"showImageEffects":true,"showParticleSystems":true},"in2DMode":false,"pivot":{"x":0.0,"y":-1.2000000476837159,"z":0.10000002384185791},"rotation":{"x":0.0395173616707325,"y":-0.7007032632827759,"z":0.038929082453250888,"w":0.7112936973571777},"size":1.3856406211853028,"orthographic":true}