{"cameraMode":{"drawMode":0,"name":"Shaded","section":"Shading Mode"},"sceneLighting":false,"audioPlay":false,"sceneViewState":{"showFog":true,"showMaterialUpdate":true,"showSkybox":false,"showFlares":true,"showImageEffects":true,"showParticleSystems":true},"in2DMode":false,"pivot":{"x":6.650000095367432,"y":2.6000001430511476,"z":0.050000011920928958},"rotation":{"x":0.02340621128678322,"y":-0.9759277105331421,"z":0.17054051160812379,"w":0.13394644856452943},"size":2.0012497901916506,"orthographic":true}