{"cameraMode":{"drawMode":0,"name":"Shaded","section":"Shading Mode"},"sceneLighting":false,"audioPlay":false,"sceneViewState":{"showFog":true,"showMaterialUpdate":true,"showSkybox":false,"showFlares":true,"showImageEffects":true,"showParticleSystems":true},"in2DMode":false,"pivot":{"x":-0.01944986917078495,"y":6.554144859313965,"z":-1.8696765899658204},"rotation":{"x":0.028089532628655435,"y":-0.6618446111679077,"z":0.024830834940075876,"w":0.7487031817436218},"size":1.122096061706543,"orthographic":true}