{"cameraMode":{"drawMode":0,"name":"Shaded","section":"Shading Mode"},"sceneLighting":false,"audioPlay":false,"sceneViewState":{"showFog":true,"showMaterialUpdate":false,"showSkybox":false,"showFlares":true,"showImageEffects":true,"showParticleSystems":true},"in2DMode":false,"pivot":{"x":0.0,"y":0.9000001549720764,"z":-0.04999998211860657},"rotation":{"x":0.0043572294525802139,"y":-0.9956217408180237,"z":0.06970761716365814,"w":0.06220502778887749},"size":1.237942099571228,"orthographic":true}