{"cameraMode":{"drawMode":0,"name":"Shaded","section":"Shading Mode"},"sceneLighting":false,"audioPlay":false,"sceneViewState":{"showFog":true,"showMaterialUpdate":true,"showSkybox":false,"showFlares":true,"showImageEffects":true,"showParticleSystems":true},"in2DMode":false,"pivot":{"x":6.650000095367432,"y":1.8000000715255738,"z":0.050000011920928958},"rotation":{"x":0.04137331247329712,"y":-0.8265010118484497,"z":0.061272863298654559,"w":0.5580668449401856},"size":1.151086449623108,"orthographic":true}