{"cameraMode":{"drawMode":0,"name":"Shaded","section":"Shading Mode"},"sceneLighting":false,"audioPlay":false,"sceneViewState":{"showFog":true,"showMaterialUpdate":true,"showSkybox":false,"showFlares":true,"showImageEffects":true,"showParticleSystems":true},"in2DMode":false,"pivot":{"x":-0.043301284313201907,"y":0.0,"z":-0.02499997615814209},"rotation":{"x":0.15603765845298768,"y":-0.6558673977851868,"z":0.1411653608083725,"w":0.7249670028686523},"size":2.1684441566467287,"orthographic":true}