{"cameraMode":{"drawMode":0,"name":"Shaded","section":"Shading Mode"},"sceneLighting":false,"audioPlay":false,"sceneViewState":{"showFog":true,"showMaterialUpdate":true,"showSkybox":false,"showFlares":true,"showImageEffects":true,"showParticleSystems":true},"in2DMode":false,"pivot":{"x":6.599999904632568,"y":1.8000000715255738,"z":0.0},"rotation":{"x":0.09282567352056503,"y":-0.7838486433029175,"z":0.12087397277355194,"w":0.6019647121429443},"size":2.118962287902832,"orthographic":true}