{"cameraMode":{"drawMode":0,"name":"Shaded","section":"Shading Mode"},"sceneLighting":false,"audioPlay":false,"sceneViewState":{"showFog":true,"showMaterialUpdate":true,"showSkybox":false,"showFlares":true,"showImageEffects":true,"showParticleSystems":true},"in2DMode":false,"pivot":{"x":6.599999904632568,"y":1.8000000715255738,"z":0.0},"rotation":{"x":0.05729294940829277,"y":-0.8421120047569275,"z":0.09130367636680603,"w":0.5284275412559509},"size":2.118962287902832,"orthographic":true}