{"cameraMode":{"drawMode":0,"name":"Shaded","section":"Shading Mode"},"sceneLighting":false,"audioPlay":false,"sceneViewState":{"showFog":true,"showMaterialUpdate":false,"showSkybox":false,"showFlares":true,"showImageEffects":true,"showParticleSystems":true},"in2DMode":false,"pivot":{"x":1.3613159656524659,"y":0.915674090385437,"z":-0.5937303900718689},"rotation":{"x":-0.10810436308383942,"y":0.675225019454956,"z":-0.10101810842752457,"w":-0.722640335559845},"size":5.136651039123535,"orthographic":true}