{"cameraMode":{"drawMode":0,"name":"Shaded","section":"Shading Mode"},"sceneLighting":false,"audioPlay":false,"sceneViewState":{"showFog":true,"showMaterialUpdate":false,"showSkybox":false,"showFlares":true,"showImageEffects":true,"showParticleSystems":true},"in2DMode":false,"pivot":{"x":-0.050000011920928958,"y":-1.25,"z":0.050000011920928958},"rotation":{"x":-0.003840286284685135,"y":-0.5213156342506409,"z":-0.002345844404771924,"w":0.8533522486686707},"size":1.691685438156128,"orthographic":true}