{"cameraMode":{"drawMode":0,"name":"Shaded","section":"Shading Mode"},"sceneLighting":false,"audioPlay":false,"sceneViewState":{"showFog":true,"showMaterialUpdate":false,"showSkybox":false,"showFlares":true,"showImageEffects":true,"showParticleSystems":true},"in2DMode":false,"pivot":{"x":0.006937934085726738,"y":-0.37451422214508059,"z":0.3715733289718628},"rotation":{"x":0.031493768095970157,"y":-0.641762912273407,"z":0.02639215998351574,"w":0.765803873538971},"size":1.687084436416626,"orthographic":true}